title,date
Lucknow Central,10/17/2022
Belief: The Possession of Janet Moses,10/17/2022
Singapore,10/17/2022
Blessed Benefit,10/17/2022
Clair Obscur,10/17/2022
"El Especial de Alex Fern√°ndez, el Especial",10/17/2022
Kingdom of Us,10/17/2022
The Babysitter,10/17/2022
The Meyerowitz Stories (New and Selected),10/17/2022
Barakah Meets Barakah,10/17/2022
Bomb Scared,10/17/2022
Christina P: Mother Inferior,10/17/2022
The Death and Life of Marsha P. Johnson,10/17/2022
Rodney Carrington: Here Comes the Truth,10/17/2022
26 Years,10/17/2022
